DV_ENC,1975,1,63.69
DV_ENC,1975,2,62.59
DV_ENC,1975,3,63.63
DV_ENC,1975,4,64.99
DV_ENC,1976,1,64.88
DV_ENC,1976,2,66.9
DV_ENC,1976,3,68.55
DV_ENC,1976,4,69.73
DV_ENC,1977,1,72.84
DV_ENC,1977,2,74.69
DV_ENC,1977,3,77.01
DV_ENC,1977,4,80.17
DV_ENC,1978,1,82.64
DV_ENC,1978,2,86.99
DV_ENC,1978,3,89.66
DV_ENC,1978,4,92.4
DV_ENC,1979,1,94.79
DV_ENC,1979,2,98.58
DV_ENC,1979,3,99.41
DV_ENC,1979,4,99.64
DV_ENC,1980,1,100
DV_ENC,1980,2,100.42
DV_ENC,1980,3,102.65
DV_ENC,1980,4,100.72
DV_ENC,1981,1,102.94
DV_ENC,1981,2,104.16
DV_ENC,1981,3,104.21
DV_ENC,1981,4,102.55
DV_ENC,1982,1,96.23
DV_ENC,1982,2,98.42
DV_ENC,1982,3,95.13
DV_ENC,1982,4,99.7
DV_ENC,1983,1,102.34
DV_ENC,1983,2,104.35
DV_ENC,1983,3,104.78
DV_ENC,1983,4,104.34
DV_ENC,1984,1,105.26
DV_ENC,1984,2,106.68
DV_ENC,1984,3,106.74
DV_ENC,1984,4,107.33
DV_ENC,1985,1,108.56
DV_ENC,1985,2,109.92
DV_ENC,1985,3,111.27
DV_ENC,1985,4,112.48
DV_ENC,1986,1,114.06
DV_ENC,1986,2,116.38
DV_ENC,1986,3,118.61
DV_ENC,1986,4,120.58
DV_ENC,1987,1,122.83
DV_ENC,1987,2,125.89
DV_ENC,1987,3,128.29
DV_ENC,1987,4,129.81
DV_ENC,1988,1,131.98
DV_ENC,1988,2,135.02
DV_ENC,1988,3,136.96
DV_ENC,1988,4,138.16
DV_ENC,1989,1,140.19
DV_ENC,1989,2,142.37
DV_ENC,1989,3,145.37
DV_ENC,1989,4,146.37
DV_ENC,1990,1,148.1
DV_ENC,1990,2,149.9
DV_ENC,1990,3,151.52
DV_ENC,1990,4,151.93
DV_ENC,1991,1,153.84
DV_ENC,1991,2,155.72
DV_ENC,1991,3,156.99
DV_ENC,1991,4,159.08
DV_ENC,1992,1,160.52
DV_ENC,1992,2,161.94
DV_ENC,1992,3,163.77
DV_ENC,1992,4,165.21
DV_ENC,1993,1,166.12
DV_ENC,1993,2,167.81
DV_ENC,1993,3,169.68
DV_ENC,1993,4,171.41
DV_ENC,1994,1,173.75
DV_ENC,1994,2,176.93
DV_ENC,1994,3,179.16
DV_ENC,1994,4,180.25
DV_ENC,1995,1,182.3
DV_ENC,1995,2,185.62
DV_ENC,1995,3,188.57
DV_ENC,1995,4,190.94
DV_ENC,1996,1,193.31
DV_ENC,1996,2,195.71
DV_ENC,1996,3,197.87
DV_ENC,1996,4,200.1
DV_ENC,1997,1,202.43
DV_ENC,1997,2,204.74
DV_ENC,1997,3,207.6
DV_ENC,1997,4,210.05
DV_ENC,1998,1,212.13
DV_ENC,1998,2,214.4
DV_ENC,1998,3,217.07
DV_ENC,1998,4,218.92
DV_ENC,1999,1,221.59
DV_ENC,1999,2,224.47
DV_ENC,1999,3,227.04
DV_ENC,1999,4,228.94
DV_ENC,2000,1,232.99
DV_ENC,2000,2,235.86
DV_ENC,2000,3,239.39
DV_ENC,2000,4,242.34
DV_ENC,2001,1,246.38
DV_ENC,2001,2,249.51
DV_ENC,2001,3,252.62
DV_ENC,2001,4,254.78
DV_ENC,2002,1,257.9
DV_ENC,2002,2,260.64
DV_ENC,2002,3,263.42
DV_ENC,2002,4,265.36
DV_ENC,2003,1,267.64
DV_ENC,2003,2,269.75
DV_ENC,2003,3,272.56
DV_ENC,2003,4,277.89
DV_ENC,2004,1,279.95
DV_ENC,2004,2,283.19
DV_ENC,2004,3,288.86
DV_ENC,2004,4,292.25
DV_ENC,2005,1,295.84
DV_ENC,2005,2,299.48
DV_ENC,2005,3,303.61
DV_ENC,2005,4,305.27
DV_ENC,2006,1,306.2
DV_ENC,2006,2,305.08
DV_ENC,2006,3,305.31
DV_ENC,2006,4,307.69
DV_ENC,2007,1,307.89
DV_ENC,2007,2,305.91
DV_ENC,2007,3,301.75
DV_ENC,2007,4,301.98
DV_ENC,2008,1,302.27
DV_ENC,2008,2,295.83
DV_ENC,2008,3,287.47
DV_ENC,2008,4,286.73
DV_ENC,2009,1,290.05
DV_ENC,2009,2,282.52
DV_ENC,2009,3,274.42
DV_ENC,2009,4,272.46
DV_ENC,2010,1,268.37
DV_ENC,2010,2,266.01
DV_ENC,2010,3,269.5
DV_ENC,2010,4,268.32
DV_ENC,2011,1,259.93
DV_ENC,2011,2,255.82
DV_ENC,2011,3,259.05
DV_ENC,2011,4,260.05
DV_ENC,2012,1,256.61
DV_ENC,2012,2,254.96
DV_ENC,2012,3,258.05
DV_ENC,2012,4,258.86
DV_ENC,2013,1,258.79
DV_ENC,2013,2,260.75
DV_ENC,2013,3,262.89
DV_ENC,2013,4,263.51
DV_ENC,2014,1,264.33
DV_ENC,2014,2,269.99
DV_ENC,2014,3,273.81
DV_ENC,2014,4,275.3
DV_ENC,2015,1,277.27
DV_ENC,2015,2,281.35
DV_ENC,2015,3,284.11
DV_ENC,2015,4,285.45
DV_ENC,2016,1,287
DV_ENC,2016,2,291.96
DV_ENC,2016,3,296.88
DV_ENC,2016,4,298.14
DV_ENC,2017,1,299.88
DV_ENC,2017,2,306.86
DV_ENC,2017,3,311.49
DV_ENC,2017,4,312.87
DV_ENC,2018,1,316.69
DV_ENC,2018,2,323.18
DV_ENC,2018,3,327.06
DV_ENC,2018,4,327.92
DV_ENC,2019,1,331.54
DV_ENC,2019,2,337.73
DV_ENC,2019,3,341.97
DV_ENC,2019,4,344.58
DV_ENC,2020,1,347.63
DV_ENC,2020,2,350.39
DV_ENC,2020,3,357.66
DV_ENC,2020,4,364.45
DV_ESC,1975,1,68.74
DV_ESC,1975,2,68.49
DV_ESC,1975,3,69.31
DV_ESC,1975,4,70.04
DV_ESC,1976,1,71.58
DV_ESC,1976,2,71.15
DV_ESC,1976,3,71.72
DV_ESC,1976,4,74.24
DV_ESC,1977,1,74.87
DV_ESC,1977,2,77.56
DV_ESC,1977,3,79.74
DV_ESC,1977,4,82.51
DV_ESC,1978,1,84.75
DV_ESC,1978,2,85.35
DV_ESC,1978,3,90.49
DV_ESC,1978,4,91.92
DV_ESC,1979,1,95.21
DV_ESC,1979,2,96.65
DV_ESC,1979,3,99.37
DV_ESC,1979,4,99.41
DV_ESC,1980,1,100
DV_ESC,1980,2,100.8
DV_ESC,1980,3,103.49
DV_ESC,1980,4,104.17
DV_ESC,1981,1,101.62
DV_ESC,1981,2,108.81
DV_ESC,1981,3,108.61
DV_ESC,1981,4,101.49
DV_ESC,1982,1,107.03
DV_ESC,1982,2,104.81
DV_ESC,1982,3,107.48
DV_ESC,1982,4,109.49
DV_ESC,1983,1,112.35
DV_ESC,1983,2,112.71
DV_ESC,1983,3,113.64
DV_ESC,1983,4,113.75
DV_ESC,1984,1,116.93
DV_ESC,1984,2,117.03
DV_ESC,1984,3,116.38
DV_ESC,1984,4,118.7
DV_ESC,1985,1,120.8
DV_ESC,1985,2,122.59
DV_ESC,1985,3,123.97
DV_ESC,1985,4,125.33
DV_ESC,1986,1,127.06
DV_ESC,1986,2,129.19
DV_ESC,1986,3,130.12
DV_ESC,1986,4,132.11
DV_ESC,1987,1,134.38
DV_ESC,1987,2,135.73
DV_ESC,1987,3,136.42
DV_ESC,1987,4,136.6
DV_ESC,1988,1,138.27
DV_ESC,1988,2,139.44
DV_ESC,1988,3,139.48
DV_ESC,1988,4,139.75
DV_ESC,1989,1,139.57
DV_ESC,1989,2,141.42
DV_ESC,1989,3,143.32
DV_ESC,1989,4,143.62
DV_ESC,1990,1,143.96
DV_ESC,1990,2,144.09
DV_ESC,1990,3,144.69
DV_ESC,1990,4,144.26
DV_ESC,1991,1,146.11
DV_ESC,1991,2,147.03
DV_ESC,1991,3,147.54
DV_ESC,1991,4,150.07
DV_ESC,1992,1,151.39
DV_ESC,1992,2,151.63
DV_ESC,1992,3,154.15
DV_ESC,1992,4,154.85
DV_ESC,1993,1,155.67
DV_ESC,1993,2,157.66
DV_ESC,1993,3,159.7
DV_ESC,1993,4,161.29
DV_ESC,1994,1,163.19
DV_ESC,1994,2,165.84
DV_ESC,1994,3,167.48
DV_ESC,1994,4,168.82
DV_ESC,1995,1,170.51
DV_ESC,1995,2,173.75
DV_ESC,1995,3,176.38
DV_ESC,1995,4,178.26
DV_ESC,1996,1,180.75
DV_ESC,1996,2,181.81
DV_ESC,1996,3,183.64
DV_ESC,1996,4,185.35
DV_ESC,1997,1,187.49
DV_ESC,1997,2,188.83
DV_ESC,1997,3,191.39
DV_ESC,1997,4,193.92
DV_ESC,1998,1,196.75
DV_ESC,1998,2,198.69
DV_ESC,1998,3,200.96
DV_ESC,1998,4,203.32
DV_ESC,1999,1,204.99
DV_ESC,1999,2,206.39
DV_ESC,1999,3,207.48
DV_ESC,1999,4,208.51
DV_ESC,2000,1,210.43
DV_ESC,2000,2,212
DV_ESC,2000,3,214.07
DV_ESC,2000,4,216.39
DV_ESC,2001,1,221.73
DV_ESC,2001,2,223.08
DV_ESC,2001,3,224.75
DV_ESC,2001,4,227.05
DV_ESC,2002,1,228.06
DV_ESC,2002,2,228.77
DV_ESC,2002,3,232.03
DV_ESC,2002,4,234.32
DV_ESC,2003,1,236.18
DV_ESC,2003,2,238.16
DV_ESC,2003,3,239.79
DV_ESC,2003,4,242.19
DV_ESC,2004,1,244.54
DV_ESC,2004,2,246.8
DV_ESC,2004,3,250.41
DV_ESC,2004,4,254.14
DV_ESC,2005,1,256.9
DV_ESC,2005,2,262.02
DV_ESC,2005,3,267.13
DV_ESC,2005,4,271.3
DV_ESC,2006,1,275.58
DV_ESC,2006,2,280.08
DV_ESC,2006,3,283.62
DV_ESC,2006,4,288.38
DV_ESC,2007,1,291.13
DV_ESC,2007,2,293.6
DV_ESC,2007,3,293.76
DV_ESC,2007,4,296.43
DV_ESC,2008,1,297.72
DV_ESC,2008,2,296.59
DV_ESC,2008,3,292.57
DV_ESC,2008,4,294.24
DV_ESC,2009,1,296.44
DV_ESC,2009,2,293.4
DV_ESC,2009,3,287.56
DV_ESC,2009,4,286.08
DV_ESC,2010,1,283.1
DV_ESC,2010,2,280.68
DV_ESC,2010,3,284.46
DV_ESC,2010,4,282.68
DV_ESC,2011,1,276.48
DV_ESC,2011,2,273.62
DV_ESC,2011,3,276.32
DV_ESC,2011,4,277.57
DV_ESC,2012,1,275.46
DV_ESC,2012,2,274.13
DV_ESC,2012,3,276.57
DV_ESC,2012,4,276.86
DV_ESC,2013,1,276.22
DV_ESC,2013,2,277.36
DV_ESC,2013,3,277.47
DV_ESC,2013,4,277.14
DV_ESC,2014,1,278.85
DV_ESC,2014,2,282
DV_ESC,2014,3,284.39
DV_ESC,2014,4,287.14
DV_ESC,2015,1,289.8
DV_ESC,2015,2,292.11
DV_ESC,2015,3,295.33
DV_ESC,2015,4,297.62
DV_ESC,2016,1,299.79
DV_ESC,2016,2,304.3
DV_ESC,2016,3,308.67
DV_ESC,2016,4,311.09
DV_ESC,2017,1,313.49
DV_ESC,2017,2,318.87
DV_ESC,2017,3,323.67
DV_ESC,2017,4,326.12
DV_ESC,2018,1,330.5
DV_ESC,2018,2,335.69
DV_ESC,2018,3,339.17
DV_ESC,2018,4,341.58
DV_ESC,2019,1,345.71
DV_ESC,2019,2,351.5
DV_ESC,2019,3,356.57
DV_ESC,2019,4,360.23
DV_ESC,2020,1,364.81
DV_ESC,2020,2,368.6
DV_ESC,2020,3,375.75
DV_ESC,2020,4,383.32
DV_MA,1975,1,71.79
DV_MA,1975,2,69.27
DV_MA,1975,3,71.74
DV_MA,1975,4,72.45
DV_MA,1976,1,70.28
DV_MA,1976,2,72.68
DV_MA,1976,3,73.84
DV_MA,1976,4,71.5
DV_MA,1977,1,73.45
DV_MA,1977,2,77.66
DV_MA,1977,3,78.07
DV_MA,1977,4,80.57
DV_MA,1978,1,80.6
DV_MA,1978,2,83.98
DV_MA,1978,3,82.91
DV_MA,1978,4,84.22
DV_MA,1979,1,92.1
DV_MA,1979,2,94.19
DV_MA,1979,3,94.57
DV_MA,1979,4,97.63
DV_MA,1980,1,100
DV_MA,1980,2,101.8
DV_MA,1980,3,106.74
DV_MA,1980,4,106.1
DV_MA,1981,1,106.58
DV_MA,1981,2,106.43
DV_MA,1981,3,109.86
DV_MA,1981,4,107.66
DV_MA,1982,1,112.06
DV_MA,1982,2,113.9
DV_MA,1982,3,112.82
DV_MA,1982,4,114.76
DV_MA,1983,1,117.12
DV_MA,1983,2,120.24
DV_MA,1983,3,124.09
DV_MA,1983,4,128.38
DV_MA,1984,1,130.44
DV_MA,1984,2,135.32
DV_MA,1984,3,139.13
DV_MA,1984,4,142.77
DV_MA,1985,1,146.74
DV_MA,1985,2,152.44
DV_MA,1985,3,157.28
DV_MA,1985,4,162.12
DV_MA,1986,1,167.52
DV_MA,1986,2,174.99
DV_MA,1986,3,182.87
DV_MA,1986,4,190.62
DV_MA,1987,1,198.39
DV_MA,1987,2,206.54
DV_MA,1987,3,215.92
DV_MA,1987,4,221.07
DV_MA,1988,1,225.88
DV_MA,1988,2,231.86
DV_MA,1988,3,234.9
DV_MA,1988,4,235.83
DV_MA,1989,1,236.66
DV_MA,1989,2,237.02
DV_MA,1989,3,240.21
DV_MA,1989,4,241.74
DV_MA,1990,1,241.18
DV_MA,1990,2,239.01
DV_MA,1990,3,237.93
DV_MA,1990,4,235.69
DV_MA,1991,1,236.05
DV_MA,1991,2,236.93
DV_MA,1991,3,236.38
DV_MA,1991,4,239.34
DV_MA,1992,1,242.04
DV_MA,1992,2,240.08
DV_MA,1992,3,242.43
DV_MA,1992,4,244.03
DV_MA,1993,1,242.04
DV_MA,1993,2,245.34
DV_MA,1993,3,245.49
DV_MA,1993,4,247.03
DV_MA,1994,1,246.01
DV_MA,1994,2,243.69
DV_MA,1994,3,241.92
DV_MA,1994,4,238.78
DV_MA,1995,1,238.04
DV_MA,1995,2,241.72
DV_MA,1995,3,245.85
DV_MA,1995,4,246.17
DV_MA,1996,1,249.71
DV_MA,1996,2,247.63
DV_MA,1996,3,246.47
DV_MA,1996,4,246.97
DV_MA,1997,1,247.98
DV_MA,1997,2,249.33
DV_MA,1997,3,251.75
DV_MA,1997,4,254.28
DV_MA,1998,1,259.11
DV_MA,1998,2,260.32
DV_MA,1998,3,262.11
DV_MA,1998,4,265.28
DV_MA,1999,1,267.5
DV_MA,1999,2,270.65
DV_MA,1999,3,275.7
DV_MA,1999,4,278.92
DV_MA,2000,1,283.22
DV_MA,2000,2,289.75
DV_MA,2000,3,296.22
DV_MA,2000,4,300.36
DV_MA,2001,1,307.49
DV_MA,2001,2,314.03
DV_MA,2001,3,321.13
DV_MA,2001,4,326.34
DV_MA,2002,1,333.58
DV_MA,2002,2,342.82
DV_MA,2002,3,352.19
DV_MA,2002,4,359.36
DV_MA,2003,1,365.62
DV_MA,2003,2,372.39
DV_MA,2003,3,380.11
DV_MA,2003,4,395.87
DV_MA,2004,1,403.61
DV_MA,2004,2,415.25
DV_MA,2004,3,436.09
DV_MA,2004,4,446.6
DV_MA,2005,1,457.86
DV_MA,2005,2,474.33
DV_MA,2005,3,490.45
DV_MA,2005,4,502.02
DV_MA,2006,1,511.16
DV_MA,2006,2,515.22
DV_MA,2006,3,517.88
DV_MA,2006,4,523.41
DV_MA,2007,1,526.35
DV_MA,2007,2,525.75
DV_MA,2007,3,520.37
DV_MA,2007,4,521.33
DV_MA,2008,1,523.06
DV_MA,2008,2,513.26
DV_MA,2008,3,501.29
DV_MA,2008,4,497.98
DV_MA,2009,1,501.9
DV_MA,2009,2,491.12
DV_MA,2009,3,480.06
DV_MA,2009,4,476.92
DV_MA,2010,1,473.86
DV_MA,2010,2,470.99
DV_MA,2010,3,476.47
DV_MA,2010,4,475.71
DV_MA,2011,1,467.53
DV_MA,2011,2,460.4
DV_MA,2011,3,459.47
DV_MA,2011,4,461.66
DV_MA,2012,1,457.34
DV_MA,2012,2,453.32
DV_MA,2012,3,455.36
DV_MA,2012,4,456.74
DV_MA,2013,1,457.06
DV_MA,2013,2,458.39
DV_MA,2013,3,460.27
DV_MA,2013,4,460.15
DV_MA,2014,1,460.92
DV_MA,2014,2,466.23
DV_MA,2014,3,471
DV_MA,2014,4,473.1
DV_MA,2015,1,477.58
DV_MA,2015,2,481.17
DV_MA,2015,3,484
DV_MA,2015,4,484.91
DV_MA,2016,1,487.45
DV_MA,2016,2,494.97
DV_MA,2016,3,500.56
DV_MA,2016,4,503.3
DV_MA,2017,1,503.75
DV_MA,2017,2,512.45
DV_MA,2017,3,520.68
DV_MA,2017,4,524.03
DV_MA,2018,1,529.47
DV_MA,2018,2,535.93
DV_MA,2018,3,542.36
DV_MA,2018,4,543.19
DV_MA,2019,1,548.02
DV_MA,2019,2,557.72
DV_MA,2019,3,565.41
DV_MA,2019,4,570.58
DV_MA,2020,1,576.55
DV_MA,2020,2,580.6
DV_MA,2020,3,591.77
DV_MA,2020,4,603.11
DV_MT,1975,1,54.86
DV_MT,1975,2,53.64
DV_MT,1975,3,56.67
DV_MT,1975,4,55.93
DV_MT,1976,1,58.17
DV_MT,1976,2,61.83
DV_MT,1976,3,61.48
DV_MT,1976,4,63.09
DV_MT,1977,1,65.78
DV_MT,1977,2,66.81
DV_MT,1977,3,70.59
DV_MT,1977,4,73.25
DV_MT,1978,1,77.33
DV_MT,1978,2,79.92
DV_MT,1978,3,83.62
DV_MT,1978,4,86.86
DV_MT,1979,1,91.27
DV_MT,1979,2,94.55
DV_MT,1979,3,96.79
DV_MT,1979,4,99.56
DV_MT,1980,1,100
DV_MT,1980,2,99.34
DV_MT,1980,3,105.54
DV_MT,1980,4,104.4
DV_MT,1981,1,106.16
DV_MT,1981,2,109.59
DV_MT,1981,3,113.59
DV_MT,1981,4,112.21
DV_MT,1982,1,110.19
DV_MT,1982,2,115.53
DV_MT,1982,3,114.43
DV_MT,1982,4,118.75
DV_MT,1983,1,120.73
DV_MT,1983,2,119.68
DV_MT,1983,3,119.36
DV_MT,1983,4,118.04
DV_MT,1984,1,121.17
DV_MT,1984,2,121.3
DV_MT,1984,3,121.93
DV_MT,1984,4,121.15
DV_MT,1985,1,122.97
DV_MT,1985,2,122.81
DV_MT,1985,3,124.32
DV_MT,1985,4,124.01
DV_MT,1986,1,126.87
DV_MT,1986,2,128.13
DV_MT,1986,3,127.81
DV_MT,1986,4,127.02
DV_MT,1987,1,128.94
DV_MT,1987,2,127.68
DV_MT,1987,3,125.23
DV_MT,1987,4,123.41
DV_MT,1988,1,124.79
DV_MT,1988,2,125.07
DV_MT,1988,3,124.71
DV_MT,1988,4,124.56
DV_MT,1989,1,124.4
DV_MT,1989,2,125.29
DV_MT,1989,3,127.53
DV_MT,1989,4,127.67
DV_MT,1990,1,128.12
DV_MT,1990,2,129.07
DV_MT,1990,3,131.04
DV_MT,1990,4,130.82
DV_MT,1991,1,132.6
DV_MT,1991,2,134.34
DV_MT,1991,3,135.11
DV_MT,1991,4,138.17
DV_MT,1992,1,139.85
DV_MT,1992,2,141.24
DV_MT,1992,3,143.47
DV_MT,1992,4,145.85
DV_MT,1993,1,147.44
DV_MT,1993,2,150.67
DV_MT,1993,3,153.76
DV_MT,1993,4,156.99
DV_MT,1994,1,160.33
DV_MT,1994,2,165.49
DV_MT,1994,3,168.79
DV_MT,1994,4,170.4
DV_MT,1995,1,172.82
DV_MT,1995,2,176.54
DV_MT,1995,3,180.16
DV_MT,1995,4,182.49
DV_MT,1996,1,185.04
DV_MT,1996,2,185.91
DV_MT,1996,3,187.39
DV_MT,1996,4,189.32
DV_MT,1997,1,191.21
DV_MT,1997,2,192.48
DV_MT,1997,3,195.38
DV_MT,1997,4,198.19
DV_MT,1998,1,200.61
DV_MT,1998,2,201.9
DV_MT,1998,3,204.24
DV_MT,1998,4,206.35
DV_MT,1999,1,208.29
DV_MT,1999,2,210.73
DV_MT,1999,3,213.11
DV_MT,1999,4,214.75
DV_MT,2000,1,218.94
DV_MT,2000,2,221.41
DV_MT,2000,3,224.64
DV_MT,2000,4,228.14
DV_MT,2001,1,233.52
DV_MT,2001,2,236.71
DV_MT,2001,3,239.65
DV_MT,2001,4,241.92
DV_MT,2002,1,244.42
DV_MT,2002,2,247
DV_MT,2002,3,250.99
DV_MT,2002,4,253.23
DV_MT,2003,1,255.53
DV_MT,2003,2,258.1
DV_MT,2003,3,261.22
DV_MT,2003,4,267.46
DV_MT,2004,1,271.95
DV_MT,2004,2,279.79
DV_MT,2004,3,291.84
DV_MT,2004,4,299.37
DV_MT,2005,1,308.95
DV_MT,2005,2,325.34
DV_MT,2005,3,340.58
DV_MT,2005,4,353.84
DV_MT,2006,1,362.71
DV_MT,2006,2,370.38
DV_MT,2006,3,376.17
DV_MT,2006,4,381.55
DV_MT,2007,1,383.94
DV_MT,2007,2,384.25
DV_MT,2007,3,380.75
DV_MT,2007,4,378.64
DV_MT,2008,1,373.43
DV_MT,2008,2,361.34
DV_MT,2008,3,344.69
DV_MT,2008,4,339.31
DV_MT,2009,1,340.31
DV_MT,2009,2,325.65
DV_MT,2009,3,312.51
DV_MT,2009,4,307.25
DV_MT,2010,1,300.91
DV_MT,2010,2,294.29
DV_MT,2010,3,295.73
DV_MT,2010,4,291.3
DV_MT,2011,1,279.17
DV_MT,2011,2,269.84
DV_MT,2011,3,272.16
DV_MT,2011,4,275.18
DV_MT,2012,1,273.48
DV_MT,2012,2,273.95
DV_MT,2012,3,280.47
DV_MT,2012,4,285.55
DV_MT,2013,1,290.32
DV_MT,2013,2,298.98
DV_MT,2013,3,307.31
DV_MT,2013,4,312.64
DV_MT,2014,1,317.1
DV_MT,2014,2,323.85
DV_MT,2014,3,329.36
DV_MT,2014,4,333.43
DV_MT,2015,1,337.45
DV_MT,2015,2,345.61
DV_MT,2015,3,353.99
DV_MT,2015,4,358.46
DV_MT,2016,1,363.02
DV_MT,2016,2,371.47
DV_MT,2016,3,379.47
DV_MT,2016,4,384.33
DV_MT,2017,1,389.7
DV_MT,2017,2,401.21
DV_MT,2017,3,409.36
DV_MT,2017,4,414.74
DV_MT,2018,1,424.1
DV_MT,2018,2,435.5
DV_MT,2018,3,444.28
DV_MT,2018,4,448.85
DV_MT,2019,1,454.16
DV_MT,2019,2,463.44
DV_MT,2019,3,469.94
DV_MT,2019,4,475.94
DV_MT,2020,1,483.08
DV_MT,2020,2,489.83
DV_MT,2020,3,500.62
DV_MT,2020,4,514.37
DV_NE,1975,1,59.77
DV_NE,1975,2,64.53
DV_NE,1975,3,61.69
DV_NE,1975,4,63.83
DV_NE,1976,1,65.22
DV_NE,1976,2,64.81
DV_NE,1976,3,69.25
DV_NE,1976,4,70.2
DV_NE,1977,1,72.13
DV_NE,1977,2,70.95
DV_NE,1977,3,73.82
DV_NE,1977,4,74.95
DV_NE,1978,1,77.92
DV_NE,1978,2,81.14
DV_NE,1978,3,86.51
DV_NE,1978,4,88.36
DV_NE,1979,1,93.42
DV_NE,1979,2,95.55
DV_NE,1979,3,98.03
DV_NE,1979,4,100.78
DV_NE,1980,1,100
DV_NE,1980,2,102.77
DV_NE,1980,3,106.57
DV_NE,1980,4,106.3
DV_NE,1981,1,109.51
DV_NE,1981,2,113.61
DV_NE,1981,3,114.71
DV_NE,1981,4,113.15
DV_NE,1982,1,118.44
DV_NE,1982,2,119.67
DV_NE,1982,3,119.39
DV_NE,1982,4,121.54
DV_NE,1983,1,124.85
DV_NE,1983,2,128.55
DV_NE,1983,3,133.7
DV_NE,1983,4,138.29
DV_NE,1984,1,143.03
DV_NE,1984,2,148.82
DV_NE,1984,3,155.8
DV_NE,1984,4,158.92
DV_NE,1985,1,165.92
DV_NE,1985,2,175.75
DV_NE,1985,3,183.78
DV_NE,1985,4,194.52
DV_NE,1986,1,201.45
DV_NE,1986,2,211.35
DV_NE,1986,3,223.06
DV_NE,1986,4,235.59
DV_NE,1987,1,245.58
DV_NE,1987,2,255.03
DV_NE,1987,3,265.01
DV_NE,1987,4,271.14
DV_NE,1988,1,275.37
DV_NE,1988,2,280.22
DV_NE,1988,3,281.14
DV_NE,1988,4,282.49
DV_NE,1989,1,281.01
DV_NE,1989,2,280.73
DV_NE,1989,3,284.19
DV_NE,1989,4,284.74
DV_NE,1990,1,280.89
DV_NE,1990,2,273.46
DV_NE,1990,3,269.56
DV_NE,1990,4,264.31
DV_NE,1991,1,261.68
DV_NE,1991,2,259.42
DV_NE,1991,3,256.07
DV_NE,1991,4,258.39
DV_NE,1992,1,258.42
DV_NE,1992,2,254.49
DV_NE,1992,3,255.44
DV_NE,1992,4,255.94
DV_NE,1993,1,253.43
DV_NE,1993,2,255.04
DV_NE,1993,3,255.17
DV_NE,1993,4,256.59
DV_NE,1994,1,256.13
DV_NE,1994,2,251.82
DV_NE,1994,3,250.07
DV_NE,1994,4,247.73
DV_NE,1995,1,248.3
DV_NE,1995,2,252.3
DV_NE,1995,3,256.96
DV_NE,1995,4,258.13
DV_NE,1996,1,261.57
DV_NE,1996,2,259.83
DV_NE,1996,3,259.28
DV_NE,1996,4,261.84
DV_NE,1997,1,263.56
DV_NE,1997,2,265.8
DV_NE,1997,3,269.46
DV_NE,1997,4,272.92
DV_NE,1998,1,277.43
DV_NE,1998,2,280.52
DV_NE,1998,3,285.52
DV_NE,1998,4,289.59
DV_NE,1999,1,294
DV_NE,1999,2,300.76
DV_NE,1999,3,309.77
DV_NE,1999,4,315.1
DV_NE,2000,1,325.18
DV_NE,2000,2,334.78
DV_NE,2000,3,344.8
DV_NE,2000,4,351.96
DV_NE,2001,1,360.8
DV_NE,2001,2,370.45
DV_NE,2001,3,381.88
DV_NE,2001,4,388.89
DV_NE,2002,1,399.12
DV_NE,2002,2,412.72
DV_NE,2002,3,424.59
DV_NE,2002,4,433.73
DV_NE,2003,1,441.38
DV_NE,2003,2,448.65
DV_NE,2003,3,459.47
DV_NE,2003,4,478.92
DV_NE,2004,1,487.42
DV_NE,2004,2,501.35
DV_NE,2004,3,526.82
DV_NE,2004,4,536.82
DV_NE,2005,1,549.87
DV_NE,2005,2,565.09
DV_NE,2005,3,577.69
DV_NE,2005,4,585.27
DV_NE,2006,1,589.34
DV_NE,2006,2,587.11
DV_NE,2006,3,585.77
DV_NE,2006,4,589.24
DV_NE,2007,1,589.03
DV_NE,2007,2,582.72
DV_NE,2007,3,574.99
DV_NE,2007,4,575.32
DV_NE,2008,1,574.44
DV_NE,2008,2,559.17
DV_NE,2008,3,543.84
DV_NE,2008,4,541.84
DV_NE,2009,1,544.05
DV_NE,2009,2,529.11
DV_NE,2009,3,517.84
DV_NE,2009,4,516.47
DV_NE,2010,1,512.23
DV_NE,2010,2,508.51
DV_NE,2010,3,513.05
DV_NE,2010,4,512.99
DV_NE,2011,1,503.44
DV_NE,2011,2,495.48
DV_NE,2011,3,497.85
DV_NE,2011,4,500.26
DV_NE,2012,1,494.94
DV_NE,2012,2,491.38
DV_NE,2012,3,493.58
DV_NE,2012,4,495.35
DV_NE,2013,1,495.63
DV_NE,2013,2,496.97
DV_NE,2013,3,499.79
DV_NE,2013,4,499.27
DV_NE,2014,1,501.18
DV_NE,2014,2,508.33
DV_NE,2014,3,514.35
DV_NE,2014,4,515.6
DV_NE,2015,1,520.76
DV_NE,2015,2,526.13
DV_NE,2015,3,530.21
DV_NE,2015,4,531.86
DV_NE,2016,1,535.34
DV_NE,2016,2,542.01
DV_NE,2016,3,550.27
DV_NE,2016,4,553.99
DV_NE,2017,1,555
DV_NE,2017,2,566.21
DV_NE,2017,3,573.65
DV_NE,2017,4,578.04
DV_NE,2018,1,582.5
DV_NE,2018,2,592.18
DV_NE,2018,3,598.58
DV_NE,2018,4,599.31
DV_NE,2019,1,604.86
DV_NE,2019,2,615.24
DV_NE,2019,3,622.83
DV_NE,2019,4,628.74
DV_NE,2020,1,634.47
DV_NE,2020,2,640.48
DV_NE,2020,3,653.9
DV_NE,2020,4,670.46
DV_PAC,1975,1,43.73
DV_PAC,1975,2,44.5
DV_PAC,1975,3,46.24
DV_PAC,1975,4,47.16
DV_PAC,1976,1,49.28
DV_PAC,1976,2,51.65
DV_PAC,1976,3,54.75
DV_PAC,1976,4,56.72
DV_PAC,1977,1,59.2
DV_PAC,1977,2,63.59
DV_PAC,1977,3,68.34
DV_PAC,1977,4,71.2
DV_PAC,1978,1,73.9
DV_PAC,1978,2,77.19
DV_PAC,1978,3,80.1
DV_PAC,1978,4,83.34
DV_PAC,1979,1,86.25
DV_PAC,1979,2,90.07
DV_PAC,1979,3,93.98
DV_PAC,1979,4,96.95
DV_PAC,1980,1,100
DV_PAC,1980,2,101.87
DV_PAC,1980,3,105.51
DV_PAC,1980,4,106.77
DV_PAC,1981,1,107.2
DV_PAC,1981,2,109.98
DV_PAC,1981,3,111.97
DV_PAC,1981,4,111.05
DV_PAC,1982,1,103.63
DV_PAC,1982,2,106.25
DV_PAC,1982,3,104.97
DV_PAC,1982,4,114.62
DV_PAC,1983,1,115.52
DV_PAC,1983,2,116.3
DV_PAC,1983,3,116.12
DV_PAC,1983,4,116.42
DV_PAC,1984,1,118.08
DV_PAC,1984,2,118.64
DV_PAC,1984,3,119.83
DV_PAC,1984,4,121.11
DV_PAC,1985,1,122.31
DV_PAC,1985,2,123.61
DV_PAC,1985,3,125.7
DV_PAC,1985,4,126.79
DV_PAC,1986,1,128.36
DV_PAC,1986,2,130.37
DV_PAC,1986,3,132.59
DV_PAC,1986,4,134.96
DV_PAC,1987,1,137.98
DV_PAC,1987,2,140.58
DV_PAC,1987,3,143.74
DV_PAC,1987,4,146.63
DV_PAC,1988,1,151.69
DV_PAC,1988,2,156.72
DV_PAC,1988,3,163.42
DV_PAC,1988,4,170.6
DV_PAC,1989,1,177.82
DV_PAC,1989,2,185.3
DV_PAC,1989,3,195.13
DV_PAC,1989,4,201.85
DV_PAC,1990,1,206.73
DV_PAC,1990,2,210.64
DV_PAC,1990,3,213.64
DV_PAC,1990,4,213.35
DV_PAC,1991,1,214.6
DV_PAC,1991,2,214.52
DV_PAC,1991,3,215.08
DV_PAC,1991,4,217.38
DV_PAC,1992,1,217.14
DV_PAC,1992,2,216.1
DV_PAC,1992,3,216.78
DV_PAC,1992,4,216.06
DV_PAC,1993,1,214.06
DV_PAC,1993,2,213.52
DV_PAC,1993,3,213.15
DV_PAC,1993,4,213.07
DV_PAC,1994,1,212.5
DV_PAC,1994,2,210.13
DV_PAC,1994,3,208.63
DV_PAC,1994,4,206.6
DV_PAC,1995,1,206.38
DV_PAC,1995,2,208.75
DV_PAC,1995,3,211.45
DV_PAC,1995,4,211.81
DV_PAC,1996,1,212.42
DV_PAC,1996,2,210.77
DV_PAC,1996,3,210.8
DV_PAC,1996,4,212.16
DV_PAC,1997,1,213.34
DV_PAC,1997,2,215.41
DV_PAC,1997,3,219.6
DV_PAC,1997,4,223.05
DV_PAC,1998,1,227.53
DV_PAC,1998,2,231.76
DV_PAC,1998,3,237.06
DV_PAC,1998,4,240.91
DV_PAC,1999,1,243.97
DV_PAC,1999,2,247.78
DV_PAC,1999,3,252.2
DV_PAC,1999,4,256.41
DV_PAC,2000,1,265.43
DV_PAC,2000,2,271.14
DV_PAC,2000,3,278.5
DV_PAC,2000,4,285.61
DV_PAC,2001,1,295.56
DV_PAC,2001,2,303.05
DV_PAC,2001,3,308.51
DV_PAC,2001,4,312.27
DV_PAC,2002,1,319.36
DV_PAC,2002,2,328.18
DV_PAC,2002,3,338.38
DV_PAC,2002,4,346.19
DV_PAC,2003,1,352.93
DV_PAC,2003,2,358.69
DV_PAC,2003,3,368.86
DV_PAC,2003,4,388.71
DV_PAC,2004,1,399.46
DV_PAC,2004,2,420.91
DV_PAC,2004,3,457.12
DV_PAC,2004,4,472.71
DV_PAC,2005,1,491.78
DV_PAC,2005,2,519.74
DV_PAC,2005,3,545.48
DV_PAC,2005,4,569.56
DV_PAC,2006,1,583.69
DV_PAC,2006,2,593.19
DV_PAC,2006,3,599.17
DV_PAC,2006,4,599.79
DV_PAC,2007,1,596.71
DV_PAC,2007,2,591.4
DV_PAC,2007,3,575.66
DV_PAC,2007,4,559.75
DV_PAC,2008,1,536.97
DV_PAC,2008,2,502.84
DV_PAC,2008,3,471.63
DV_PAC,2008,4,458.55
DV_PAC,2009,1,454.68
DV_PAC,2009,2,434.74
DV_PAC,2009,3,423.88
DV_PAC,2009,4,423.13
DV_PAC,2010,1,418.92
DV_PAC,2010,2,416.71
DV_PAC,2010,3,418.34
DV_PAC,2010,4,413.31
DV_PAC,2011,1,398.95
DV_PAC,2011,2,391.74
DV_PAC,2011,3,393.4
DV_PAC,2011,4,392.95
DV_PAC,2012,1,388.14
DV_PAC,2012,2,387.66
DV_PAC,2012,3,396
DV_PAC,2012,4,403.28
DV_PAC,2013,1,410.31
DV_PAC,2013,2,426.28
DV_PAC,2013,3,444.8
DV_PAC,2013,4,456.77
DV_PAC,2014,1,465.03
DV_PAC,2014,2,477.53
DV_PAC,2014,3,487.3
DV_PAC,2014,4,492.6
DV_PAC,2015,1,498.09
DV_PAC,2015,2,510.41
DV_PAC,2015,3,523.94
DV_PAC,2015,4,531.44
DV_PAC,2016,1,539.43
DV_PAC,2016,2,551.19
DV_PAC,2016,3,564.07
DV_PAC,2016,4,571.31
DV_PAC,2017,1,579.06
DV_PAC,2017,2,593.45
DV_PAC,2017,3,606.02
DV_PAC,2017,4,614.3
DV_PAC,2018,1,625.37
DV_PAC,2018,2,639.43
DV_PAC,2018,3,647.01
DV_PAC,2018,4,647.42
DV_PAC,2019,1,652.56
DV_PAC,2019,2,660.69
DV_PAC,2019,3,667.71
DV_PAC,2019,4,672.58
DV_PAC,2020,1,678.84
DV_PAC,2020,2,686.53
DV_PAC,2020,3,695.41
DV_PAC,2020,4,710.12
DV_SA,1975,1,65.31
DV_SA,1975,2,70.09
DV_SA,1975,3,68.24
DV_SA,1975,4,68.67
DV_SA,1976,1,68.13
DV_SA,1976,2,71.63
DV_SA,1976,3,71.36
DV_SA,1976,4,71.81
DV_SA,1977,1,72.94
DV_SA,1977,2,76.47
DV_SA,1977,3,76.03
DV_SA,1977,4,78.61
DV_SA,1978,1,81.37
DV_SA,1978,2,83.18
DV_SA,1978,3,85.2
DV_SA,1978,4,86.77
DV_SA,1979,1,89.55
DV_SA,1979,2,92.12
DV_SA,1979,3,94.35
DV_SA,1979,4,97.02
DV_SA,1980,1,100
DV_SA,1980,2,100.8
DV_SA,1980,3,104.38
DV_SA,1980,4,106.19
DV_SA,1981,1,108.31
DV_SA,1981,2,108.89
DV_SA,1981,3,109.19
DV_SA,1981,4,109.15
DV_SA,1982,1,107.44
DV_SA,1982,2,114.95
DV_SA,1982,3,109.23
DV_SA,1982,4,114.56
DV_SA,1983,1,118.91
DV_SA,1983,2,119.38
DV_SA,1983,3,120.96
DV_SA,1983,4,121.11
DV_SA,1984,1,123.97
DV_SA,1984,2,125.54
DV_SA,1984,3,125.8
DV_SA,1984,4,126.49
DV_SA,1985,1,129.14
DV_SA,1985,2,130.14
DV_SA,1985,3,131.89
DV_SA,1985,4,132.99
DV_SA,1986,1,135.46
DV_SA,1986,2,138.07
DV_SA,1986,3,139.93
DV_SA,1986,4,141.83
DV_SA,1987,1,143.91
DV_SA,1987,2,146.3
DV_SA,1987,3,148.54
DV_SA,1987,4,150.05
DV_SA,1988,1,152.32
DV_SA,1988,2,155.69
DV_SA,1988,3,157.32
DV_SA,1988,4,158.67
DV_SA,1989,1,160.46
DV_SA,1989,2,162.08
DV_SA,1989,3,164.63
DV_SA,1989,4,165.75
DV_SA,1990,1,166.33
DV_SA,1990,2,166.25
DV_SA,1990,3,167.27
DV_SA,1990,4,166.37
DV_SA,1991,1,167.86
DV_SA,1991,2,168.91
DV_SA,1991,3,168.57
DV_SA,1991,4,171.34
DV_SA,1992,1,172.65
DV_SA,1992,2,172.11
DV_SA,1992,3,174.61
DV_SA,1992,4,175.13
DV_SA,1993,1,175.28
DV_SA,1993,2,176.88
DV_SA,1993,3,178.26
DV_SA,1993,4,179.54
DV_SA,1994,1,180.17
DV_SA,1994,2,180.49
DV_SA,1994,3,181.04
DV_SA,1994,4,181.33
DV_SA,1995,1,182.13
DV_SA,1995,2,184.75
DV_SA,1995,3,187.59
DV_SA,1995,4,189.25
DV_SA,1996,1,191.46
DV_SA,1996,2,191.37
DV_SA,1996,3,192.12
DV_SA,1996,4,193.61
DV_SA,1997,1,195.45
DV_SA,1997,2,196.55
DV_SA,1997,3,199.08
DV_SA,1997,4,201.86
DV_SA,1998,1,205
DV_SA,1998,2,205.81
DV_SA,1998,3,208.42
DV_SA,1998,4,210.97
DV_SA,1999,1,213
DV_SA,1999,2,215.11
DV_SA,1999,3,217.64
DV_SA,1999,4,219.71
DV_SA,2000,1,223.04
DV_SA,2000,2,226.5
DV_SA,2000,3,230.33
DV_SA,2000,4,234.06
DV_SA,2001,1,240.18
DV_SA,2001,2,244.4
DV_SA,2001,3,248.5
DV_SA,2001,4,252.42
DV_SA,2002,1,256
DV_SA,2002,2,260.89
DV_SA,2002,3,266.56
DV_SA,2002,4,270.56
DV_SA,2003,1,274.24
DV_SA,2003,2,278.39
DV_SA,2003,3,282.91
DV_SA,2003,4,291.25
DV_SA,2004,1,297.46
DV_SA,2004,2,305.75
DV_SA,2004,3,318.26
DV_SA,2004,4,327.67
DV_SA,2005,1,338.45
DV_SA,2005,2,353.01
DV_SA,2005,3,368.05
DV_SA,2005,4,379.71
DV_SA,2006,1,388.77
DV_SA,2006,2,394.73
DV_SA,2006,3,398.82
DV_SA,2006,4,404.54
DV_SA,2007,1,406.02
DV_SA,2007,2,405.77
DV_SA,2007,3,399.98
DV_SA,2007,4,398.16
DV_SA,2008,1,393.43
DV_SA,2008,2,381.14
DV_SA,2008,3,365.6
DV_SA,2008,4,358.71
DV_SA,2009,1,363.15
DV_SA,2009,2,351.42
DV_SA,2009,3,338.38
DV_SA,2009,4,333.05
DV_SA,2010,1,327.81
DV_SA,2010,2,322.31
DV_SA,2010,3,325.59
DV_SA,2010,4,322.05
DV_SA,2011,1,311.26
DV_SA,2011,2,303.15
DV_SA,2011,3,305.74
DV_SA,2011,4,307.42
DV_SA,2012,1,302.06
DV_SA,2012,2,299.25
DV_SA,2012,3,303.74
DV_SA,2012,4,306.14
DV_SA,2013,1,307.3
DV_SA,2013,2,312.74
DV_SA,2013,3,316.53
DV_SA,2013,4,319.68
DV_SA,2014,1,322.71
DV_SA,2014,2,329.05
DV_SA,2014,3,333.8
DV_SA,2014,4,337.1
DV_SA,2015,1,342.06
DV_SA,2015,2,348.05
DV_SA,2015,3,352.58
DV_SA,2015,4,356.71
DV_SA,2016,1,360.43
DV_SA,2016,2,367.77
DV_SA,2016,3,375.03
DV_SA,2016,4,378.31
DV_SA,2017,1,381.61
DV_SA,2017,2,390.84
DV_SA,2017,3,396.33
DV_SA,2017,4,400.58
DV_SA,2018,1,407.54
DV_SA,2018,2,415.21
DV_SA,2018,3,420.25
DV_SA,2018,4,422.44
DV_SA,2019,1,428.26
DV_SA,2019,2,435.67
DV_SA,2019,3,441.56
DV_SA,2019,4,446.47
DV_SA,2020,1,452.49
DV_SA,2020,2,457.11
DV_SA,2020,3,465.15
DV_SA,2020,4,474.75
DV_WNC,1975,1,60.72
DV_WNC,1975,2,63.36
DV_WNC,1975,3,62.25
DV_WNC,1975,4,63.46
DV_WNC,1976,1,65.51
DV_WNC,1976,2,69.03
DV_WNC,1976,3,68.4
DV_WNC,1976,4,68.46
DV_WNC,1977,1,70.92
DV_WNC,1977,2,75.83
DV_WNC,1977,3,77.04
DV_WNC,1977,4,79.28
DV_WNC,1978,1,81.27
DV_WNC,1978,2,87.24
DV_WNC,1978,3,88.4
DV_WNC,1978,4,90.08
DV_WNC,1979,1,93.9
DV_WNC,1979,2,97.57
DV_WNC,1979,3,98.66
DV_WNC,1979,4,99.53
DV_WNC,1980,1,100
DV_WNC,1980,2,105.12
DV_WNC,1980,3,104.03
DV_WNC,1980,4,103.25
DV_WNC,1981,1,100.25
DV_WNC,1981,2,100.78
DV_WNC,1981,3,100.99
DV_WNC,1981,4,103.82
DV_WNC,1982,1,98.59
DV_WNC,1982,2,100.73
DV_WNC,1982,3,100.74
DV_WNC,1982,4,105.85
DV_WNC,1983,1,107.34
DV_WNC,1983,2,110.32
DV_WNC,1983,3,109.86
DV_WNC,1983,4,110.47
DV_WNC,1984,1,112.47
DV_WNC,1984,2,113.39
DV_WNC,1984,3,114.86
DV_WNC,1984,4,114.6
DV_WNC,1985,1,115.57
DV_WNC,1985,2,117.01
DV_WNC,1985,3,117.63
DV_WNC,1985,4,118.8
DV_WNC,1986,1,120.37
DV_WNC,1986,2,120.96
DV_WNC,1986,3,122.54
DV_WNC,1986,4,123.27
DV_WNC,1987,1,125.19
DV_WNC,1987,2,126.48
DV_WNC,1987,3,126.94
DV_WNC,1987,4,126.23
DV_WNC,1988,1,127.23
DV_WNC,1988,2,128.79
DV_WNC,1988,3,129.52
DV_WNC,1988,4,129.61
DV_WNC,1989,1,130.28
DV_WNC,1989,2,131.67
DV_WNC,1989,3,133.1
DV_WNC,1989,4,133.75
DV_WNC,1990,1,134.2
DV_WNC,1990,2,134.77
DV_WNC,1990,3,135.56
DV_WNC,1990,4,135.24
DV_WNC,1991,1,136.84
DV_WNC,1991,2,138.02
DV_WNC,1991,3,138.53
DV_WNC,1991,4,140.35
DV_WNC,1992,1,141.34
DV_WNC,1992,2,142.29
DV_WNC,1992,3,143.95
DV_WNC,1992,4,144.88
DV_WNC,1993,1,145.78
DV_WNC,1993,2,147.31
DV_WNC,1993,3,149.24
DV_WNC,1993,4,150.79
DV_WNC,1994,1,152.68
DV_WNC,1994,2,156.15
DV_WNC,1994,3,158.35
DV_WNC,1994,4,158.92
DV_WNC,1995,1,160.57
DV_WNC,1995,2,163.41
DV_WNC,1995,3,165.7
DV_WNC,1995,4,167.48
DV_WNC,1996,1,169.34
DV_WNC,1996,2,171.23
DV_WNC,1996,3,172.93
DV_WNC,1996,4,174.43
DV_WNC,1997,1,176.05
DV_WNC,1997,2,178.11
DV_WNC,1997,3,180.62
DV_WNC,1997,4,182.74
DV_WNC,1998,1,184.99
DV_WNC,1998,2,186.67
DV_WNC,1998,3,189.4
DV_WNC,1998,4,191.31
DV_WNC,1999,1,193.61
DV_WNC,1999,2,197.36
DV_WNC,1999,3,200.16
DV_WNC,1999,4,201.87
DV_WNC,2000,1,205.57
DV_WNC,2000,2,208.91
DV_WNC,2000,3,212.4
DV_WNC,2000,4,214.93
DV_WNC,2001,1,219.31
DV_WNC,2001,2,222.85
DV_WNC,2001,3,226.38
DV_WNC,2001,4,228.76
DV_WNC,2002,1,232.14
DV_WNC,2002,2,235.38
DV_WNC,2002,3,238.76
DV_WNC,2002,4,241.38
DV_WNC,2003,1,243.58
DV_WNC,2003,2,245.6
DV_WNC,2003,3,249.15
DV_WNC,2003,4,254.94
DV_WNC,2004,1,257.45
DV_WNC,2004,2,261.14
DV_WNC,2004,3,266.96
DV_WNC,2004,4,270.44
DV_WNC,2005,1,274.3
DV_WNC,2005,2,278.83
DV_WNC,2005,3,283.44
DV_WNC,2005,4,285.89
DV_WNC,2006,1,287.32
DV_WNC,2006,2,288.39
DV_WNC,2006,3,290.23
DV_WNC,2006,4,292.87
DV_WNC,2007,1,294.47
DV_WNC,2007,2,295.08
DV_WNC,2007,3,292.93
DV_WNC,2007,4,293.37
DV_WNC,2008,1,294.83
DV_WNC,2008,2,290.78
DV_WNC,2008,3,286.06
DV_WNC,2008,4,286.61
DV_WNC,2009,1,289.8
DV_WNC,2009,2,285.6
DV_WNC,2009,3,279.82
DV_WNC,2009,4,278.31
DV_WNC,2010,1,275.71
DV_WNC,2010,2,274.77
DV_WNC,2010,3,278.47
DV_WNC,2010,4,276.97
DV_WNC,2011,1,270.78
DV_WNC,2011,2,267.1
DV_WNC,2011,3,270.38
DV_WNC,2011,4,272.21
DV_WNC,2012,1,269.98
DV_WNC,2012,2,268.95
DV_WNC,2012,3,271.88
DV_WNC,2012,4,273.41
DV_WNC,2013,1,273.98
DV_WNC,2013,2,276.14
DV_WNC,2013,3,278.98
DV_WNC,2013,4,279.17
DV_WNC,2014,1,279.95
DV_WNC,2014,2,285.11
DV_WNC,2014,3,288.26
DV_WNC,2014,4,289.73
DV_WNC,2015,1,291.43
DV_WNC,2015,2,295.49
DV_WNC,2015,3,299.29
DV_WNC,2015,4,301.05
DV_WNC,2016,1,302.9
DV_WNC,2016,2,307.96
DV_WNC,2016,3,312.7
DV_WNC,2016,4,314.39
DV_WNC,2017,1,316.43
DV_WNC,2017,2,323.79
DV_WNC,2017,3,327.86
DV_WNC,2017,4,329.52
DV_WNC,2018,1,333.59
DV_WNC,2018,2,339.98
DV_WNC,2018,3,343.15
DV_WNC,2018,4,344.99
DV_WNC,2019,1,347.77
DV_WNC,2019,2,354.03
DV_WNC,2019,3,357.82
DV_WNC,2019,4,361.12
DV_WNC,2020,1,364.41
DV_WNC,2020,2,366.91
DV_WNC,2020,3,373.53
DV_WNC,2020,4,380.29
DV_WSC,1975,1,55.06
DV_WSC,1975,2,57.08
DV_WSC,1975,3,55.69
DV_WSC,1975,4,57.95
DV_WSC,1976,1,58.86
DV_WSC,1976,2,62.73
DV_WSC,1976,3,62.58
DV_WSC,1976,4,63.55
DV_WSC,1977,1,65.82
DV_WSC,1977,2,69.38
DV_WSC,1977,3,68.82
DV_WSC,1977,4,72.75
DV_WSC,1978,1,75.84
DV_WSC,1978,2,78.27
DV_WSC,1978,3,81.29
DV_WSC,1978,4,84.72
DV_WSC,1979,1,89.25
DV_WSC,1979,2,92.53
DV_WSC,1979,3,95.32
DV_WSC,1979,4,97.35
DV_WSC,1980,1,100
DV_WSC,1980,2,102.46
DV_WSC,1980,3,103.85
DV_WSC,1980,4,104.95
DV_WSC,1981,1,105.17
DV_WSC,1981,2,109.63
DV_WSC,1981,3,113.05
DV_WSC,1981,4,111.77
DV_WSC,1982,1,117.5
DV_WSC,1982,2,117.31
DV_WSC,1982,3,117.53
DV_WSC,1982,4,119.41
DV_WSC,1983,1,122.78
DV_WSC,1983,2,123.77
DV_WSC,1983,3,123.79
DV_WSC,1983,4,124.13
DV_WSC,1984,1,123.22
DV_WSC,1984,2,123.75
DV_WSC,1984,3,124.67
DV_WSC,1984,4,124.21
DV_WSC,1985,1,122.83
DV_WSC,1985,2,123.29
DV_WSC,1985,3,123.75
DV_WSC,1985,4,122.19
DV_WSC,1986,1,124.79
DV_WSC,1986,2,126.62
DV_WSC,1986,3,123.78
DV_WSC,1986,4,122.17
DV_WSC,1987,1,122.47
DV_WSC,1987,2,119.9
DV_WSC,1987,3,114.95
DV_WSC,1987,4,112.15
DV_WSC,1988,1,111.59
DV_WSC,1988,2,112.96
DV_WSC,1988,3,110.83
DV_WSC,1988,4,110.13
DV_WSC,1989,1,110.62
DV_WSC,1989,2,111.4
DV_WSC,1989,3,113.37
DV_WSC,1989,4,113
DV_WSC,1990,1,112.74
DV_WSC,1990,2,113.63
DV_WSC,1990,3,114.21
DV_WSC,1990,4,113.67
DV_WSC,1991,1,114.83
DV_WSC,1991,2,116.2
DV_WSC,1991,3,116.59
DV_WSC,1991,4,118.19
DV_WSC,1992,1,119.8
DV_WSC,1992,2,119.62
DV_WSC,1992,3,121.58
DV_WSC,1992,4,122.21
DV_WSC,1993,1,122.76
DV_WSC,1993,2,124.22
DV_WSC,1993,3,125.88
DV_WSC,1993,4,127.3
DV_WSC,1994,1,128.33
DV_WSC,1994,2,129.33
DV_WSC,1994,3,129.71
DV_WSC,1994,4,129.42
DV_WSC,1995,1,129.77
DV_WSC,1995,2,132.23
DV_WSC,1995,3,133.98
DV_WSC,1995,4,134.86
DV_WSC,1996,1,136.41
DV_WSC,1996,2,136.64
DV_WSC,1996,3,137.08
DV_WSC,1996,4,137.89
DV_WSC,1997,1,138.77
DV_WSC,1997,2,139.76
DV_WSC,1997,3,141.19
DV_WSC,1997,4,143
DV_WSC,1998,1,145.13
DV_WSC,1998,2,146.14
DV_WSC,1998,3,148.37
DV_WSC,1998,4,150.07
DV_WSC,1999,1,151.3
DV_WSC,1999,2,153.56
DV_WSC,1999,3,155.66
DV_WSC,1999,4,156.95
DV_WSC,2000,1,159.04
DV_WSC,2000,2,161.18
DV_WSC,2000,3,163.38
DV_WSC,2000,4,165.14
DV_WSC,2001,1,169.59
DV_WSC,2001,2,171.55
DV_WSC,2001,3,173
DV_WSC,2001,4,174.88
DV_WSC,2002,1,175.52
DV_WSC,2002,2,176.96
DV_WSC,2002,3,179.72
DV_WSC,2002,4,181.78
DV_WSC,2003,1,182.89
DV_WSC,2003,2,184.31
DV_WSC,2003,3,185.3
DV_WSC,2003,4,186.94
DV_WSC,2004,1,188.32
DV_WSC,2004,2,190.45
DV_WSC,2004,3,192.36
DV_WSC,2004,4,194.88
DV_WSC,2005,1,196.23
DV_WSC,2005,2,199.66
DV_WSC,2005,3,203.15
DV_WSC,2005,4,206.18
DV_WSC,2006,1,209.02
DV_WSC,2006,2,212.49
DV_WSC,2006,3,215.53
DV_WSC,2006,4,218.47
DV_WSC,2007,1,221.13
DV_WSC,2007,2,224.07
DV_WSC,2007,3,225.05
DV_WSC,2007,4,226.6
DV_WSC,2008,1,227.68
DV_WSC,2008,2,228.12
DV_WSC,2008,3,226.77
DV_WSC,2008,4,227.23
DV_WSC,2009,1,230.04
DV_WSC,2009,2,228.27
DV_WSC,2009,3,225.87
DV_WSC,2009,4,225.54
DV_WSC,2010,1,223.87
DV_WSC,2010,2,223.85
DV_WSC,2010,3,225.48
DV_WSC,2010,4,224.54
DV_WSC,2011,1,221.06
DV_WSC,2011,2,220.09
DV_WSC,2011,3,221.47
DV_WSC,2011,4,222.46
DV_WSC,2012,1,222.16
DV_WSC,2012,2,223.02
DV_WSC,2012,3,225.24
DV_WSC,2012,4,226.63
DV_WSC,2013,1,227.77
DV_WSC,2013,2,230.93
DV_WSC,2013,3,233.94
DV_WSC,2013,4,235.58
DV_WSC,2014,1,238.75
DV_WSC,2014,2,243.41
DV_WSC,2014,3,247.31
DV_WSC,2014,4,249.79
DV_WSC,2015,1,252.91
DV_WSC,2015,2,257.96
DV_WSC,2015,3,262.6
DV_WSC,2015,4,264.71
DV_WSC,2016,1,267.5
DV_WSC,2016,2,273.22
DV_WSC,2016,3,277.87
DV_WSC,2016,4,280.37
DV_WSC,2017,1,283.32
DV_WSC,2017,2,290.17
DV_WSC,2017,3,294.31
DV_WSC,2017,4,296.54
DV_WSC,2018,1,299.75
DV_WSC,2018,2,304.94
DV_WSC,2018,3,308.23
DV_WSC,2018,4,309.42
DV_WSC,2019,1,313.05
DV_WSC,2019,2,317.88
DV_WSC,2019,3,322.15
DV_WSC,2019,4,324.65
DV_WSC,2020,1,327.97
DV_WSC,2020,2,330.35
DV_WSC,2020,3,335.1
DV_WSC,2020,4,341.61
USA,1975,1,59.82
USA,1975,2,60.86
USA,1975,3,61.2
USA,1975,4,62.28
USA,1976,1,62.92
USA,1976,2,65.46
USA,1976,3,66.56
USA,1976,4,67.35
USA,1977,1,69.52
USA,1977,2,72.68
USA,1977,3,74.37
USA,1977,4,77.18
USA,1978,1,79.58
USA,1978,2,82.75
USA,1978,3,85.17
USA,1978,4,87.5
USA,1979,1,91.4
USA,1979,2,94.44
USA,1979,3,96.45
USA,1979,4,98.33
USA,1980,1,100
USA,1980,2,101.6
USA,1980,3,104.5
USA,1980,4,104.56
USA,1981,1,105.27
USA,1981,2,107.47
USA,1981,3,108.87
USA,1981,4,107.6
USA,1982,1,106.33
USA,1982,2,108.98
USA,1982,3,107.22
USA,1982,4,111.81
USA,1983,1,114.46
USA,1983,2,115.97
USA,1983,3,116.98
USA,1983,4,117.67
USA,1984,1,119.48
USA,1984,2,121.06
USA,1984,3,122.2
USA,1984,4,123.18
USA,1985,1,124.92
USA,1985,2,126.83
USA,1985,3,128.78
USA,1985,4,130.23
USA,1986,1,132.73
USA,1986,2,135.51
USA,1986,3,137.58
USA,1986,4,139.71
USA,1987,1,142.48
USA,1987,2,144.69
USA,1987,3,146.35
USA,1987,4,147.32
USA,1988,1,149.6
USA,1988,2,152.6
USA,1988,3,154.17
USA,1988,4,155.61
USA,1989,1,157.41
USA,1989,2,159.58
USA,1989,3,162.97
USA,1989,4,164.33
USA,1990,1,165.25
USA,1990,2,165.94
USA,1990,3,166.95
USA,1990,4,166.31
USA,1991,1,167.69
USA,1991,2,168.8
USA,1991,3,169.12
USA,1991,4,171.49
USA,1992,1,172.81
USA,1992,2,172.77
USA,1992,3,174.74
USA,1992,4,175.62
USA,1993,1,175.7
USA,1993,2,177.38
USA,1993,3,178.81
USA,1993,4,180.29
USA,1994,1,181.42
USA,1994,2,182.51
USA,1994,3,183.25
USA,1994,4,183.11
USA,1995,1,184.06
USA,1995,2,187.09
USA,1995,3,189.98
USA,1995,4,191.44
USA,1996,1,193.58
USA,1996,2,193.89
USA,1996,3,194.76
USA,1996,4,196.27
USA,1997,1,197.91
USA,1997,2,199.54
USA,1997,3,202.26
USA,1997,4,204.88
USA,1998,1,207.95
USA,1998,2,209.82
USA,1998,3,212.75
USA,1998,4,215.25
USA,1999,1,217.53
USA,1999,2,220.44
USA,1999,3,223.56
USA,1999,4,225.86
USA,2000,1,230.19
USA,2000,2,233.93
USA,2000,3,238.19
USA,2000,4,241.85
USA,2001,1,247.83
USA,2001,2,251.98
USA,2001,3,255.89
USA,2001,4,259.05
USA,2002,1,262.77
USA,2002,2,267.26
USA,2002,3,272.55
USA,2002,4,276.42
USA,2003,1,279.78
USA,2003,2,283.2
USA,2003,3,287.56
USA,2003,4,295.71
USA,2004,1,300.35
USA,2004,2,307.69
USA,2004,3,319.43
USA,2004,4,326.26
USA,2005,1,333.74
USA,2005,2,344.43
USA,2005,3,354.85
USA,2005,4,362.89
USA,2006,1,368.63
USA,2006,2,372.4
USA,2006,3,375.47
USA,2006,4,379.31
USA,2007,1,380.72
USA,2007,2,380.48
USA,2007,3,376.22
USA,2007,4,375.02
USA,2008,1,372.29
USA,2008,2,362.88
USA,2008,3,351.46
USA,2008,4,348.23
USA,2009,1,350.79
USA,2009,2,341.56
USA,2009,3,332.61
USA,2009,4,330.09
USA,2010,1,326.14
USA,2010,2,323.2
USA,2010,3,326.31
USA,2010,4,323.96
USA,2011,1,315
USA,2011,2,309.5
USA,2011,3,311.81
USA,2011,4,313.21
USA,2012,1,309.89
USA,2012,2,308.55
USA,2012,3,312.6
USA,2012,4,315.03
USA,2013,1,316.65
USA,2013,2,321.56
USA,2013,3,326.41
USA,2013,4,329.08
USA,2014,1,331.93
USA,2014,2,338.34
USA,2014,3,343.22
USA,2014,4,346.03
USA,2015,1,349.72
USA,2015,2,355.51
USA,2015,3,360.75
USA,2015,4,363.77
USA,2016,1,367.11
USA,2016,2,374.05
USA,2016,3,380.7
USA,2016,4,383.81
USA,2017,1,386.95
USA,2017,2,395.9
USA,2017,3,402.17
USA,2017,4,405.65
USA,2018,1,411.48
USA,2018,2,419.33
USA,2018,3,424.41
USA,2018,4,426.1
USA,2019,1,430.72
USA,2019,2,438
USA,2019,3,443.62
USA,2019,4,447.71
USA,2020,1,452.62
USA,2020,2,456.83
USA,2020,3,465
USA,2020,4,474.6
